First Name,Last Name,Email,Payrate,Primary Phone
Hashim,Velez,habitant.morbi.tristique@lacusUtnec.edu,4,(153) 136-9512
Chaim,Brewer,tellus@ipsumnonarcu.ca,52,(189) 793-6724
Quinlan,Ellison,Integer.eu@feugiatSednec.ca,17,(487) 618-6266
Gay,Knox,urna@vitaedolor.edu,35,(571) 718-9568
George,Mcclain,congue@luctuset.com,53,(697) 351-8742
Shaine,Mack,ultricies.dignissim@sociis.edu,42,(509) 393-8902
Melissa,Hensley,Aliquam.ornare.libero@ridiculusmus.org,100,(647) 265-6299
Taylor,Workman,Cras.eu@Integer.org,99,(749) 875-2486
Yolanda,Johnston,augue.eu@magnisdisparturient.org,57,(947) 836-7718
Brett,Santana,neque.non.quam@Phasellus.org,1,(484) 354-7106
Jacob,Sanders,semper@Proin.edu,61,(693) 884-6639
Ifeoma,Woodard,ligula.tortor.dictum@volutpatNulladignissim.edu,39,(875) 939-7539
Jocelyn,Hudson,est.mauris@ametluctus.ca,20,(458) 742-6305
Pearl,Beard,non.enim.commodo@convallisantelectus.com,12,(416) 711-1625
Kiara,Combs,dictum.mi.ac@pedemalesuadavel.org,19,(935) 983-9887
Farrah,Gibbs,vel.pede.blandit@blanditat.com,61,(662) 827-0078
Malachi,Gordon,Etiam@malesuadamalesuadaInteger.com,59,(844) 727-0145
Marcia,Webb,quam@inmagna.edu,83,(228) 904-2099
Lysandra,Hyde,sit.amet@neceuismodin.edu,18,(722) 289-1027
Jacob,Gregory,nec.ante@nuncrisus.org,66,(987) 983-3382
Gregory,Atkins,arcu.Vivamus@Proin.com,17,(742) 926-2838
Elijah,Travis,interdum.Curabitur@etultricesposuere.edu,61,(649) 473-3146
Walter,Richardson,pede.Praesent.eu@netus.org,51,(783) 166-9187
Hunter,Vaughn,vitae@sollicitudinadipiscing.com,9,(772) 242-8281
Georgia,Harvey,magna.a@vestibulum.edu,87,(700) 574-4148
Imogene,Robbins,mollis.non.cursus@elementumsem.edu,93,(412) 325-6968
Winter,Powell,iaculis.quis.pede@posuerecubiliaCurae;.edu,58,(266) 641-4229
Isabella,Hughes,elit.fermentum.risus@rutrumFusce.edu,87,(668) 247-9147
TaShya,Mason,arcu@sed.org,59,(218) 403-7813
Ulric,Cervantes,risus@vitaeorciPhasellus.org,29,(864) 343-7749

